logP,MolecularWeight,TPSA,Chi0v,Chi1v,NumHDonors,NumHAcceptors,NumRotatableBonds,QED,SMILES,Lipophilicity
3.791100000000002,358.62300000000005,56.27000000000001,13.325286061024308,6.921587798825678,1,5,5,0.8241455327373614,COCC1=NC(=CC(=N1)Cl)NC2=CC(=C(C=C2)OC)Br,2.3082658744903037
1.500799999999999,426.343,74.75,16.529420701448977,7.737699850842906,3,3,8,0.23814311385602913,CC(C)(C)NC(=O)CNC(=NC)NCCCOCC1CC1.I,3.0975519366389994
3.987440000000002,648.7110000000004,148.74,26.63077086085636,15.19959432901213,5,6,10,0.22467035046590075,CC1=C(C(=CC=C1)C(=O)NC)NC(=O)CNC(=O)C2CCN(CC2)C(C)C(=O)NC3=CC=CC(=C3C)C(=O)NC4=C(C=CC=C4F)F,2.999023510890754
2.815300000000002,287.407,50.94,13.321870097889937,7.512147277776303,1,4,6,0.8885417462931304,CC(C)CN1C(=NC=N1)CC(C(C)(C)C2=CC=CC=C2)O,1.7074433040681205
2.1886000000000005,331.85099999999994,44.29,13.927448336835013,7.9897007771312305,1,5,3,0.9337035892526543,C1CNC2=C1C=CC=C2CN3CCN(CC3)C4=NC=CC=N4.Cl,1.6244643301170112
2.426100000000001,292.423,40.620000000000005,13.221149172548547,8.748249363327993,0,2,2,0.7840485606182708,CC1CCCC1C(=O)N2CCC(CC2)N3CCCCC3=O,2.122788643270317
1.2610000000000001,314.79799999999994,86.88000000000001,12.423313375168181,7.791770106272691,3,4,6,0.7489423271670065,CNCC1=CC(=C(C=C1)Cl)S(=O)(=O)NCC2=CNN=C2,0.7468699702957271
4.528100000000003,357.631,38.69,13.23987978509015,7.467629897056904,1,3,5,0.7991751914530748,COC1=CC(=CC(=C1OCC2=CC(=CC=C2)O)CBr)Cl,2.4002456260032377
1.6831,344.5070000000002,38.74,15.60772053599375,10.11602738569684,0,6,4,0.8275260301616255,CCN1CCN(CC1)C2CCN(C2)C3=NC=NC(=C3)N4CCCCC4,0.5406222430335439
3.623300000000002,458.4840000000001,59.39,17.962874703850083,10.746064796557539,1,5,7,0.5877118939552212,C1COCCN1[C@@H](CNC(=O)CC2=CC=C(C=C2)N3C=CC=N3)C4=CC=C(C=C4)C(F)(F)F,2.5771520488005413
2.1763000000000003,293.436,44.370000000000005,13.00249200923628,8.09381427670628,2,4,5,0.8731997251988599,CN(C)C1=CC=CC(=C1)NC(=O)CSC2CCNCC2,0.7943758758236719
2.290900000000007,692.865,139.01,29.594845172363208,18.076030245918933,4,8,10,0.2541746908088369,CC1(CCN(CC1)CC(=O)N2CCNCC2)C(=O)N(CC3=CC=CC=C3CNC)CC(=O)NC4=CC5=C(C[C@@]6(C5)C7=C(NC6=O)N=CC=C7)C=C4,2.5512734144410807
3.117300000000001,432.524,59.830000000000005,18.261793439975847,10.774130745114407,0,6,8,0.5121382025901857,COC1=CC=C(C=C1)OCCN2CCN(CC2)C(=O)/C=C\C3=CN(N=C3)C4=CC=CC=C4,2.6742630323838066
1.5882000000000003,267.34999999999997,57.61,10.98771040719702,7.426179285558575,1,3,5,0.8798693228482712,C1CCN(C1)CCS(=O)C2=CC=CC(=C2)C(=O)O,0.8349530283913973
3.4475000000000016,298.42999999999995,32.34,13.424011507786664,8.857831163216598,1,2,2,0.9067674503607829,CC1CCN(C2=CC=CC=C12)C(=O)CC3CC4CCC(C3)N4,2.4580505504808476
3.917580000000002,470.6020000000002,99.97,19.592691461250084,12.245067328117,2,8,6,0.4431082717858474,C1C[C@H](CN(C1)C2=NC3=C(C(=O)N2CC4=CC=CC=C4C#N)SC(=C3)NCC5=CC=CC=C5)N,2.820000882581141
3.8266000000000036,353.65200000000004,23.55,14.17617833869073,7.56156723199423,0,2,2,0.7545525497081961,CC(C)(C1CN(N(C(=O)C1(Cl)Cl)C)C2=CC(=CC=C2)F)Cl,3.4053865470807843
3.9006000000000025,301.183,17.07,11.482575287667522,6.88706392110646,0,1,3,0.8400441762662892,C1C(C2=CC=CC=C21)C(=O)CC3=CC=CC=C3Br,2.98926039434793
1.8893799999999998,305.765,81.99000000000001,12.190132335339314,6.845066167669657,2,3,7,0.5959463855544371,C1=CC(=CC=C1/C=C/C(=O)NCCCNC(=O)CC#N)Cl,1.1523114462488087
6.272100000000005,526.0290000000003,98.00000000000001,21.793192384241745,12.960049390605736,2,5,11,0.3058781077028912,CC(C)OC(CC1=CC(=C(C=C1)C2=CC=CO2)CNC(=O)C3=C(C=C(C=C3)OC4CCCC4)Cl)C(=O)O,1.669868446889481
4.448500000000004,350.46200000000005,50.69,15.553720726268997,9.211195989288392,1,3,6,0.8367029673694375,CCC(C)C(C1=N[C@H]([C@@H](O1)C2=CC=CC=C2)C3=CC=CC=C3)NC(=O)C,2.307855310040436
3.4202400000000015,303.789,49.33,12.81526423969506,7.139147636903387,2,2,4,0.9090092502658842,CC1=C(C=C(C=C1)[C@@H](CNC(=O)C2=CC=C(C=C2)Cl)O)C,2.192893953052864
-0.5609999999999999,310.171,80.2,10.887136937585867,6.981348677864847,2,4,1,0.6929963168857507,C1C(C(=O)NC(=O)N1)N2C(=O)C3=CC=CC=C3[Se]2,0.6800577492910738
1.9559000000000002,389.4770000000002,92.60000000000001,16.039536309121754,9.531022511722492,3,5,6,0.30096049265141855,CCCCNC(=S)NNC(=O)COC1=CC2=C(C=C1)C3=C(CCC3)C(=O)O2,1.419308380648812
0.978,155.24099999999999,12.47,7.683889010710011,4.016927066668833,0,2,4,0.56103933228835,CCN(CC)CC#CCOC,0.1806722723857339
4.913200000000004,275.39500000000004,3.24,12.601549654949705,7.95590352106204,0,1,2,0.7521496488498457,CC1=CC2=C(C1)C=CC=C2C3=CC=C(C=C3)N4CCCC4,3.4462260203227393
2.8356199999999996,377.40400000000005,126.04,15.152567939974356,8.784271671361097,4,4,5,0.42646487526733384,CC1=NC2=C(O1)C=CC(=C2)NC(=O)[C@H](CC3=CNC4=CC=CC=C43)NC(=O)N,1.5045173657004058
3.838320000000002,316.404,41.99,13.645472435805134,8.01972185312241,1,2,5,0.7768908902099589,CC1=CC=C(C=C1)[C@H](C2=CN=CC=C2)NC(=O)CC3=CC=CC=C3,2.411386527199028
-2.1719999999999993,159.117,86.66000000000001,5.864663807731583,2.7218762971913266,1,5,3,0.37369293517264524,COC(=O)/C(=C/C(=O)[O-])/CO,-1.808317069529418
4.658820000000004,306.812,17.82,13.035677116104242,8.40074621481154,0,2,3,0.7541975356934215,CC1=CC2=C(C=C1F)N=C(N2CC3CC4CCC3C4)CCl,3.317791286882988
3.1899000000000006,274.707,59.06,10.939055479782748,5.973643587040906,1,3,3,0.8746234426508248,CC(=O)C1=CC=C(C=C1)NC(=O)C2=C(C=CN=C2)Cl,2.0505984617493294
3.5276200000000015,491.56900000000024,101.47000000000001,20.262343331353275,12.798342079585442,1,6,4,0.4706955122715697,CC1=CC2=C(CCCCN2S(=O)(=O)C3=CC=CC(=C3)N4C(=O)C5=CC=CC=C5NC4=O)C(=C1)OC,2.2802067669447306
4.041800000000002,441.3250000000001,62.550000000000004,17.055686540853713,9.697201311090447,1,3,7,0.6022117564850111,CN(CC1=CC=C(C=C1)Br)C(=O)[C@H](CC2=CC=CC=C2)NC(=O)C3=CC=CO3,2.465054600534212
3.3586000000000027,388.855,88.22,16.069777924299974,8.993380965484073,0,6,8,0.5106919541315857,CCCCN1C(=C(C(=N1)C)C(=O)OCC(=O)N(CC#N)C2=CC=CC=C2)Cl,2.456254235181471
5.083320000000004,429.4950000000002,47.36000000000001,17.87008246464816,10.788811765494117,0,4,6,0.4292950437661364,CC1=CC=C(C=C1)OCCN2C3=CC=CC=C3N=C2C4CC(=O)N(C4)C5=CC=C(C=C5)F,3.4000762998076075
2.7008,367.477,75.33000000000001,16.35987490035072,9.415883878895762,1,5,5,0.7503527237106483,CC(C)C1=NOC(=N1)[C@@H]2CC3=C(CN2CC4=CC=C(C=C4)N(C)C)NC=[NH+]3,2.05796566296834
3.0318000000000014,281.42100000000005,44.480000000000004,12.54087697338981,8.027285150388302,1,4,5,0.9007622926398159,CC(CN)C1=C(C(=CC=C1)OC)OC2CCSCC2,1.8106250793264644
3.249100000000002,474.35500000000013,71.11000000000001,18.78391010486325,10.510272852096445,1,5,5,0.6743520132799612,C[C@]1(C(=O)N(C(=O)N1)CN2CCC3=CC(=C(C=C3C2)OC)OC)C4=CC=C(C=C4)Br,2.688930008238926
2.31868,373.9060000000001,105.21,15.380596754739065,9.251646673517856,2,5,5,0.7702634109915831,COC1=C(C=CC(=C1)C#N)S(=O)(=O)NCC2(CCCCCC2)N.Cl,1.2453986816479667
3.614900000000003,357.40700000000015,127.66,15.69690792321887,8.191597991384722,0,7,9,0.203727335736694,CCCC(=O)OC(C)C(CC)(C(=O)ON=[N+]=[N-])OC(=O)CC(C)(C)C,2.8935434049176783
5.256540000000005,350.3,25.17,14.880280992095567,8.394100194049436,1,2,6,0.7690716288003409,CCCNC(C)CC1=CC=C(O1)C2=C(C=C(C=C2Br)C)C,2.828213816579418
2.2927200000000005,468.34299999999996,88.54,17.546081445069255,8.332089586154677,2,4,4,0.40969542493427147,CC1=C(C=NN1C)[C@H]2[C@@H](CC(=O)N2C)CN=C(N)NC3=CC=CC=C3.I,3.2828230594415304
4.249800000000003,320.314,27.05,12.469584616381564,7.080349347011363,0,3,4,0.7184133242999878,COCC1=NC2=C(N1CC3=CC=CC=C3)C=CC(=C2)C(F)(F)F,3.1019533270333293
3.8693000000000017,360.3770000000001,111.9,14.456203924013446,8.211536613434271,2,7,4,0.3245010418671153,CN1C=C(C2=CC=CC=C21)C3=NC(=NC=C3)NC4=CC(=C(C=C4)N)[N+](=O)[O-],3.016930720600384
5.450120000000006,323.4800000000001,33.120000000000005,14.96297681282276,9.398871966042845,1,2,5,0.7933575440895765,CCC/C=C\C1=CC2=C(C(=NC=C2C=C1)CC3CCC(CC3)O)C,2.96686234280219
3.222680000000002,379.46400000000017,77.05000000000001,16.76774302912184,9.617080411781862,0,6,6,0.6571294440960309,CC1=CC(=NC(=N1)N2C(=C(C(=N2)C)CC(=O)N(CC3=CC=CO3)C4CC4)C)C,2.687974796145668
4.556300000000001,325.568,17.3,11.411697979488139,6.417244539134896,0,2,1,0.6410823996208174,C1=CC2=C(N=C(N2C=C1)C3=CC(=C(C=C3)F)Cl)Br,3.570163416784153
2.3740000000000006,273.33200000000005,43.63,11.326674688034041,6.943654848897279,1,4,5,0.9080401311436113,C1COC(CO1)CNC(C2=CC=CC=C2)C3=CC=CO3,1.4278998346987715
-1.2805999999999977,252.278,110.73,10.5199446869934,5.56680155154375,3,7,3,0.6297876329188039,CC(CNC1=NC2=C(N1)C(=O)N(C(=O)N2C)C)N,-1.1664583574942051
5.0503000000000045,504.37700000000024,76.11000000000001,20.368736039914843,11.1857514948723,0,7,9,0.29827272658340065,CCOC(=O)C1=C(C2=CC(=C(C=C2N=C1CCBr)OC)OC)C3=CC(=C(C=C3)OC)OC,3.6674543903649806
2.5683000000000007,379.42000000000013,90.21,15.94142232197419,8.846247985149427,0,7,6,0.611604933864981,CC(C)OC(=O)C1=CC=CC(=C1)C2=NN(N=N2)CC(=O)N(C)C3=CC=CC=C3,2.61909494342859
3.107540000000002,341.4360000000001,63.46,14.631821066025866,9.028304251977664,1,4,4,0.5852953005472632,CC1=C(C=C(C=C1)S(=O)(=O)N/N=C/C2=CN(C3=CC=CC=C32)C)C,2.3000956350448147
2.3817000000000004,384.43200000000013,77.10000000000001,16.228577544895927,8.990022987272614,1,5,7,0.7931757149163589,COC1=CC(=C(C=C1)N2CC(CC2=O)C(=O)NCC3=CC=CC=C3OC)OC,1.6063000765354944
5.697000000000005,723.7150000000004,100.20999999999998,28.484064930758894,17.37952328988463,2,7,11,0.15045383240447857,COCCOC1=C(C=C(C=C1)C(=O)NC(=S)NC2=CC=C(C=C2)S(=O)(=O)N3CCN(CC3)C(C4=CC=CC=C4)C5=CC=CC=C5)Br,3.111588896192683
4.244300000000003,361.53600000000023,45.230000000000004,15.588664038500923,10.577419651668052,1,5,6,0.8355791545758076,CSCC1=CC=C(C=C1)C(=O)NC2=NC(=CS2)CN3CCCCC3,2.4524925346692115
5.042200000000004,425.44400000000013,97.35999999999999,16.9861527197297,10.150400563683078,2,5,5,0.46674159201744153,C1CC2=C(C=C1)C=C(O2)C3=CC(=C(C=C3)C(=O)O)NC(=O)C4=CC(=CN=C4)N5C=CC=C5,2.248524593970277
3.618000000000002,388.471,67.35000000000001,16.414767722449305,9.888042612246265,1,5,5,0.7231084261638415,CCC1=CC=C(C=C1)C2CNCCN2C(=O)C3=CC(=CC=C3)OC4=NC=CN=C4,2.417593160217275
4.013200000000004,640.8180000000004,125.84,27.532662096850572,17.205000559417208,2,8,12,0.19953849231984114,CCOC(=O)C[C@]12[C@@H]3CCN4[C@H]1[C@](CCC(C/C=C/CCCC4=O)O)(C[C@H]3C(=O)N2CCCCOCC5=CC=C(C=C5)OC)CO,2.245364918033032
2.4942,352.41900000000004,76.88,14.252761247892764,8.925675495697943,1,6,4,0.7825610046697884,C1CC2=C(C1)SC(=N2)NC(=O)CN3C(=O)C=CC(=N3)C4=CC=CC=C4,2.04472280938952
1.8359999999999999,399.5200000000003,72.69,16.567367273175005,10.896080630351642,2,8,5,0.7872293900336337,C1CC1N2C(=C3C=NC4=CC=CC=C43)NN=C2SCC(CN5CCOCC5)O,1.0313893008791202
3.901720000000002,459.90100000000007,115.44000000000001,18.446139569887514,10.359062003576067,2,9,5,0.38272089448802854,CC1=C(C=C(C=C1)C(=O)NC2=CC=NN2C)NC3=C4C=NN(C4=NC=N3)C5=NC(=CC=C5)Cl,3.365705287459428
3.8373200000000027,431.50800000000015,55.2,17.447847782666646,11.41908612088589,0,4,6,0.5960263808281798,CC1=CN=C(N1CC2=CC=C(C=C2)F)C3CCN(C3)S(=O)(=O)CC4=CC=CC=C4F,2.7661452373133093
1.1862800000000002,259.309,77.22,10.912281143158017,6.450336770578326,1,4,2,0.864958300825387,CC(C1CCN(CC1)C(=O)C2=NC=C(C=C2)C#N)O,1.1255957535246406
5.641400000000002,680.4770000000004,161.39,24.01130430061077,13.803093741653838,1,10,6,0.17552673766149343,C1=CC(=CC=C1C2=NN=C(O2)CN3C(=O)C4=C(C3=O)C=C(C=C4)C5=CC6=C(C=C5)C(=O)NC6=O)C7=NN=C(O7)C=C(C(F)(F)F)C(F)(F)F,-1.2866702373220342
1.7166999999999994,271.272,86.63000000000001,10.484426463823903,5.926829091009741,3,3,3,0.7928884522762348,C1=CC=C(C=C1)C(C2=CC=CC=C2)(C(=O)NC(=O)O)O,1.314845325002545
1.59094,304.43700000000007,79.29,12.903054201830107,8.730698057266343,2,5,6,0.8362649640101437,CC1=C(SC(=N1)S(=O)(=O)NCC2(CCC2)CCO)C,0.6953788674362169
2.333,307.40399999999994,18.509999999999998,13.124332448275405,8.079916260391368,1,3,4,0.8598730781328264,C[C@H](CN1CCN(CC1)C)N[C@@H]2CCC[C@@H](C2)C(F)(F)F,1.1625807858805106
3.6998000000000024,459.2960000000001,96.27000000000001,17.524016919176656,10.09940536740741,1,5,2,0.6809307601739549,CC1=C2CCC(=NC(=O)[C@H](C)N3C(=O)C4=C(C3=O)C=C(C=C4)Br)CC2OC(=C1)O,1.9587599662798008
6.7526000000000055,549.6100000000002,121.47000000000001,23.041275178209222,13.102009942199128,3,6,6,0.21122515519557708,CC(C)(C)CC(=O)NC1=CN=CC(=C1)C2=NC3=C(C=C2)NN=C3C4=CC5=C(C=CN=C5N4)C6=CC(=CC(=C6)F)OC,1.88966749307862
1.09344,195.218,83.55,8.112076558222283,4.2167218816341006,3,3,2,0.65925219359451,CC1=CC(=CC(=C1O)C)[C@H](C(=O)O)N,0.7599544661589439
4.845520000000003,431.5650000000001,73.91,18.283670546184325,11.452689312617304,2,5,5,0.4739264751327793,CC1=NC=C(S1)CN2CCC(CC2)C(=O)NC3=CC=C(C=C3)C4=NC5=CC=CC=C5N4,2.8185812668295442
-1.389909999999997,364.13999999999993,9.23,15.254861552603595,6.88581135057979,0,2,6,0.3494702574401268,CCCCOC1=CC=CC=C1SC2=[C-]CC=C2.[Cl-].[Cl-].[Ti+3],1.2785379595321507
4.623440000000003,607.4610000000001,126.07000000000001,23.62573087386605,12.998982162876292,3,6,9,0.24086895498671032,CC1=CC=C(C=C1)NC(=O)COC2=C(C=C(C=C2Br)/C=C/3\C(=O)N(C(=O)N3)CC(=O)NC4=CC=CC(=C4)C)OC,2.1869541474508045
2.7720000000000002,272.327,47.08,11.1668345377723,6.242233794367722,1,4,6,0.8224953792410922,C=CCN(CC=C)C1=NN(C(=C1)N)C2=CC=CC=C2F,1.7822218539166395
1.8262999999999998,371.41800000000006,108.13,14.760997237140225,9.684523186306674,3,4,4,0.6080496197217173,CS(=O)(=O)C1=CC=CC=C1NC(=O)C(=O)NCC2=CC3=CC=CC=C3N2,1.547063800227789
1.3724200000000002,329.49100000000004,66.64,14.212455278588612,9.70305188372272,1,5,3,0.9094783356033523,CC1=C(SC(=C1)S(=O)(=O)N2CCC3CCC(C2)N3C)CN,0.9268990961518018
2.5951999999999997,227.182,35.25,7.493797776569522,3.7783733027063193,2,3,1,0.43912293995934026,C1=C(C=C(C(=C1OC(F)(F)F)F)S)N,1.991335263104852
3.511300000000002,399.4910000000002,79.9,17.613222473245514,9.513817278556685,2,5,9,0.6745206496926565,CCN(CC1=CC(=CC=C1)N[C@H](C)C(=O)NC2=C(C=CC(=C2)OC)OC)C(=O)C,1.9758482409664282
3.467200000000002,414.4770000000002,69.15,17.31961407100093,9.975755795513637,1,5,9,0.5039895390810882,COC1=C(C=C(C=C1)CCNC(=O)C(=NOCF)C2CCC3=CC=CC=C3C2)OC,2.3586542816787466
6.026140000000005,250.385,0.0,12.325908934703557,7.050964908321226,0,0,0,0.42746610877837277,CCC.CC1=CC2=CC3=CC=CC=C3C=C2C=C1C,3.540986755570801
4.067000000000003,414.5020000000002,99.88,18.36715038702287,9.797506722910251,2,5,9,0.64431374082673,CC(C)C1=CC(=C(C=C1)NC(=O)C2=CC(=C(C(=C2)OC)OCC(=O)N)OC)C(C)C,1.8809099153251685
3.030000000000002,600.5100000000002,117.20000000000002,23.75855430603682,14.269757924258181,3,6,9,0.3814356898559061,CCOC1=CC=C(C=C1)NC(=O)[C@@H]2[C@@H]3C(CC4([C@@H]2C(=O)N(C4C(=O)NC(C)C)[C@H](CO)C5=CC=CC=C5)O3)Br,2.775259423938084
4.413500000000002,392.5280000000001,79.17999999999999,16.389623516877155,10.389299871438157,4,5,5,0.48497777837713246,C1CNCCC1NC2=CC=C(C=C2)C(=O)NC3=C(C=CC(=C3)C4=CC=CS4)N,2.6328833548995547
4.229300000000002,237.73,39.16,10.506243324629303,5.861946345925834,1,2,2,0.8491067165451683,CC(C)C1=C(OC2=C1C=CC=C2Cl)C(C)N,2.9955833093439344
1.2497599999999998,288.307,97.12,12.05832965114693,6.408850829326818,2,5,3,0.8283860358266585,CC1=CC(=C(C=C1)NC(=O)C(=O)NCC2=NN=C(O2)C)C,1.248812690917609
4.450340000000002,684.8130000000001,148.74,28.57279734415603,17.189814657341024,5,6,12,0.19050898826609988,CC1=C(C(=CC=C1)C(=O)NCC2=CC=C(C=C2)F)NC(=O)CNC(=O)C3CCN(CC3)CC(=O)NC4=C(C=C(C=C4)C(=O)NC5CCCC5)C,2.842000233499883
3.453800000000002,356.4880000000001,95.5,15.448745102160927,9.932550333300757,3,4,11,0.5278267558026895,CCCCCNS(=O)(=O)C1=C(C=CC(=C1)C(=O)O)N[C@H](C)CCC,0.9557311980388574
2.3177000000000003,305.197,58.2,11.6599030028225,6.2756572704403775,2,3,1,0.7823556319225544,CC(C)(C)C(=O)NNC(=O)C1=CC=C(S1)Br,2.2114276257268584
1.9629,474.4290000000002,131.65,18.143709746274734,11.007569707803738,0,9,4,0.2844015843009582,C1COC2=C(O1)C=CC(=C2)N3C(=O)[C@@H]4[C@H]5C=CC=NN5[C@H]([C@@H]4C3=O)C(=O)C6=CC(=CC=C6)[N+](=O)[O-],2.048438885301432
3.286200000000002,271.40400000000005,12.47,12.208468558162837,7.956986555478286,0,2,4,0.779227758742841,C1CC(C=CC1CCC2=CC=CC=C2)N3CCOCC3,2.2660483724264333
5.369540000000003,367.66999999999996,26.3,14.455802896406722,7.784970913644796,0,2,4,0.6790834598534997,CC1=CC(=C(C=C1)C)C(=O)C(C)OC2=C(C=C(C=C2)Cl)Br,3.281294258971738
3.577800000000001,326.82699999999994,55.120000000000005,13.423003711696765,7.291999208222901,2,2,5,0.752664662586727,C1=CC=C(C=C1)C(C(=O)N)NCC2=CC3=CC=CC=C3C=C2.Cl,2.2701646088512435
5.588200000000006,403.58800000000036,66.73,18.02324431312976,12.41260265424762,1,4,7,0.6452909237355762,CCCCC1(CS(=O)(=O)C2=C(C=CC(=C2)O)C(=N1)C3=CCCCC3)CCCC,2.5632360623678645
6.930140000000006,624.5940000000002,96.45,25.815547722360122,15.592485838994918,2,7,11,0.16458184412862176,CC1=CC(=C2C=C(C=CC2=N1)Cl)NCCN(CCNC3=C4C=C(C=CC4=NC(=C3)C)Cl)S(=O)(=O)C5=CC=C(C=C5)OC,2.507117666924369
5.140300000000004,497.0790000000002,54.559999999999995,21.97669580331403,13.470171795147634,1,3,4,0.5961017809381037,C[C@H]1CC[C@@H]([C@H](C1)OC(=O)N2CCC3=C(C2C4=CC=C(C=C4)OC)NC5=CCC(C=C35)Cl)C(C)C,3.332401723031368
4.348200000000004,390.5160000000002,59.730000000000004,16.855255722654537,10.468277276138494,0,7,4,0.5184594875241819,C[C@@H](C1=CC=C(C=C1)N2C=NC=N2)N(C)C3=C4C5=C(CCCC5)SC4=NC=N3,3.7445001612687134
2.7502000000000013,295.26,52.489999999999995,10.829285518348822,6.408659695030703,3,3,1,0.5599273508567635,C1CN[C@@H](C2=C(C=CC(=C21)O)O)C3=C(C=CC(=C3F)F)F,2.139036382263601
2.657800000000001,352.362,75.27,13.238434404691736,8.727389346057496,2,3,5,0.8686645617880043,C1CC1NS(=O)(=O)C2=C(C=CC(=C2)C(=O)NC3=CC=CC=C3F)F,1.3904200315119475
2.6953000000000014,357.48300000000006,72.70000000000002,15.153533872494659,9.94976118431262,1,6,6,0.8049002151200426,C[C@@H]([C@H]1C[C@H]2CC[C@H]1C2)NC(=O)CSC3=NN=NN3C4=CC=CC=C4,1.7492536992438854
2.2607,433.5300000000002,116.14000000000001,17.767928441569758,11.606402494555876,2,5,8,0.6065432256903079,CSCCC(C(=O)O)NC(=O)C1CCC(CC1)CN2C(=O)C3C=CC=CC3=NC2=O,0.8112973354115454
3.6819000000000015,443.52500000000015,110.53,18.348509930672922,11.233405634768049,2,6,9,0.5219315151854425,CC(C)C[C@H](C(=O)NC1=C(C=C(C=C1)C2=CN=CO2)OC)NS(=O)(=O)C3=CC=CC=C3,1.5008182068644254
4.670390000000004,413.93,58.1,17.447877239857764,9.907161138055788,1,4,2,0.6208413745355914,CCN1C(=O)C2=C(C=C(C=C2)C(=O)N3CC(C4=C3C=CC=C4Cl)(C)C)NC1=S,3.1222506718348715
1.2842,263.68399999999997,63.99,10.093375856469255,5.596621403294681,1,4,3,0.9074155901746199,C1=CN(C(=O)N=C1)CNC(=O)C2=CC=C(C=C2)Cl,1.1438996695571966
3.1960200000000025,613.7850000000002,144.14,26.737399304970943,16.262371237669196,5,9,10,0.2729299387365619,CCN1CCC[C@@H]1CNC(=O)C2=CN(NN2)C3=C(C=CC(=C3)C(=O)NC4=C(C(=CC(=C4)C(C)(C)C)NS(=O)(=O)C)OC)C,1.8084790041611303
4.355820000000004,311.9010000000001,29.85,14.54698217908578,8.998461753910014,1,3,8,0.772952138231913,CCCNC(CCC1=C(C(=NN1CC)C)Cl)C2CCCC2,2.02882983404481
6.1569000000000065,426.56000000000023,41.57000000000001,18.96793428864209,11.578695534555147,1,3,5,0.4971163112459563,CCN(CC)C(=O)C1=CC2=C(C=C1)N[C@H]([C@H]3[C@H]2C=CC3)C4=C(C=CC5=CC=CC=C54)OC,3.26057832311231
0.6890999999999999,199.27899999999997,51.379999999999995,8.38079150398389,5.173632626717622,1,5,2,0.7610574874863434,COC1=NC(=CS1)N2CCC(C2)N,0.5347903205515934
4.784200000000004,308.45000000000016,38.91,13.566781502347451,8.754962905764325,1,3,4,0.7527345838985755,C[C@@H](C1=C(N=C(S1)CC2=CC=CC3=CC=CC=C32)C4CC4)N,3.0509457975340117
13.205899999999973,1115.8889999999997,36.92,37.208277810596314,21.645386297228672,0,4,22,0.0668883186127836,CC(C)(C1=CC=C(C=C1)OC(CCCOCCCCBr)Br)C2=C(C(=C(C(=C2Br)Br)OC(CCCOCCCCBr)Br)Br)Br,-9.908764791101742
6.669900000000003,529.848,18.46,16.76619875655813,9.101580194689493,0,2,4,0.4119472059150013,COC1=CC(=C(C=C1Br)OC2=C(C=CC(=C2)Br)CBr)Br,3.333946989484473
2.127400000000006,1805.572000000001,555.9100000000001,70.77118837944364,41.366996037975355,21,28,21,0.04589260080710314,CCNNC(=O)C1C2=C(C(=CC(=C2)O)O)C3=C(C=CC(=C3)C4C(=O)NC(C(C5=CC(=C(C=C5)OC6=C(C7=CC(=C6)C(C(=O)N4)NC(=O)C(NC(=O)C(C(C8=CC(=C(O7)C=C8)Cl)O)NC(=O)C(CC(C)C)NC)CC(=O)N)OC9C(C(C(C(O9)CO)O)O)OC2CC(C(C(O2)C)O)(C)NCCN2CCN(CC2)C(=O)NCC2=CC(=C(C=C2)Cl)Cl)Cl)O)C(=O)N1)O,27.09466838736519
4.169200000000003,432.8670000000001,86.11,16.990289626760458,9.74803470641781,1,6,7,0.44282052238845354,C1=CC=C(C=C1)C(=O)C2=C(C=CC(=C2)Cl)OCC(=O)NC3=CC=C(C=C3)N4C=NC=N4,2.62533713716821
1.1352,374.40900000000005,75.71000000000001,14.612922338643244,9.895059840416213,1,4,4,0.8575138204184157,CS(=O)(=O)NCC1CCC2(CN(C2)C(=O)C3=CC(=C(C=C3)F)F)OC1,1.268251230415164
7.340400000000005,501.40500000000014,30.71,18.122702109026534,10.534250064441071,0,3,4,0.24139576634114143,C1=CC(=C(C(=C1)F)F)C2=NC3=CN(C=CC3=N2)CC4=C(C=C(C=C4)C5=C(C=C(C=C5)F)F)C(F)(F)F,3.455486813161621
1.1790199999999997,381.4980000000001,95.58000000000001,16.304587149817493,10.376421279692492,2,4,7,0.7412962921890774,CCCNC(=O)[C@@H](C)NC(=O)[C@@H]1CCCN1S(=O)(=O)C2=CC=C(C=C2)C,0.7252453675332937
0.007700000000001317,534.5760000000002,192.19,20.707028483992342,12.543989752118122,4,11,8,0.2622217950162936,CN(C)C(=O)C1=NN=C(O1)SCC2=C(N3[C@H](C(C3=O)NC(=O)C(C4=CC=C(C=C4)O)N)SC2)C(=O)O,1.0385171833094313
2.379600000000001,379.5260000000002,61.879999999999995,16.62209152683512,10.410499146618642,1,6,7,0.7372630029552854,CCCCN1CCN(CC1)CC(=O)NC2=C(C3=C(S2)CCC3)C(=O)OC,1.3238557330317988
3.4429000000000016,604.7179999999997,148.14,24.57480107546737,15.429194920574648,2,13,9,0.2384245382143607,CC(C)C(=O)C1=CC2=CN=C(N=C2N(C1=O)CC3=C(N=CO3)S(=O)C4=NC=CS4)NC5=CC=C(C=C5)N6CCNCC6,3.7178674869346446
4.227700000000002,337.37,36.42,12.838867601809332,7.827813945357358,2,4,3,0.8799995445713006,C1CN=C(N1)NC2=CC=C(C=C2)SC3=CC=C(C=C3)C(F)(F)F,2.812566023568169
0.2694800000000002,233.231,95.09,9.251615332869532,5.112815703563021,1,6,3,0.5943547981391324,CN(C1CNC1)C2=C(C=C(C=N2)C#N)[N+](=O)[O-],0.9120516696074255
1.88608,286.26599999999996,87.9,11.129959967571505,5.975254019006697,1,6,4,0.8633663418786955,COC(=O)C1=NC=CC(=N1)NCC2=C(C=C(C=C2)C#N)F,1.6535916329351514
3.774420000000002,325.39300000000003,64.11,13.55447079683624,7.92637232586398,1,5,4,0.7927676714049141,CC1=C(C=CC(=N1)C2=CSC=C2)C(=O)NC3=C(C=CN=C3)OC,2.748146967560336
3.2971000000000013,287.178,29.46,10.690432139421315,6.481232811518474,1,3,3,0.8776863773164769,COC1=C2C=C(SC2=CC(=C1)CO)CBr,2.4128273945817567
3.824080000000003,289.444,44.019999999999996,12.85085839103088,8.461173965756526,1,3,5,0.8957652053395273,CC(CO)CSC1CC(CCC1C#N)C2=CC=CC=C2,2.154305521837668
2.5470999999999995,210.346,38.91,9.627623913592025,6.006432852801414,1,3,5,0.7590785733194831,CCC(C)C(CSC1=CC=NC=C1)N,1.633340219358875
1.3587,337.38,131.57,13.51823954379584,7.615998449051654,2,6,13,0.18433188754032048,C1=CC(=CC=C1C(=O)NCCOCCOCCOCCN=[N+]=[N-])N,0.7721298227478322
-0.4032000000000146,1382.5800000000004,443.95000000000005,55.08381794663403,33.54884234485715,15,26,26,0.01645230895410736,C[C@@H]1CN2[C@@H]([C@H]1O)C(=O)NC[C@H](C[C@@H](C(=O)N[C@H](C(=O)N3C[C@H](C[C@H]3C(=O)N[C@H](C(=O)N[C@H](C2=O)[C@@H](CCNC4CCNCC4)O)[C@@H](CC5=CC(=C(C=C5)O)OSOOO)O)O)[C@H](C)O)NC(=O)C6=CC=C(C=C6)C7=NN=C(S7)C8=CC=C(C=C8)OCCCCCCCOC)O,10.993756876025582
1.562499999999999,298.34600000000006,75.16,12.081182942693962,7.318838129742183,3,4,4,0.8016669839354064,C1C[C@H](NC1)C(=O)NN2C=CC=C2C(=O)NC3=CC=CC=C3,1.1258343418262164
1.1665,240.34699999999992,55.56,11.161051401926223,6.233601959156445,1,3,5,0.7338328716516735,CCC(C)(CN)C(=O)N1CCC(=CC1)COC,0.7541075998278144
2.9379000000000017,210.32,0.0,9.869879009073573,7.286712265874596,0,0,0,0.5392431047907652,CC12C3CC4CC5C1CC2C6C4(C3C6)C#C5,1.9856916409262784
2.1408199999999997,349.54400000000015,18.950000000000003,15.932453106168936,10.290054811654931,0,5,4,0.8288913603652048,CC1=CC=C(S1)CN2CC[C@@H]3[C@H](C2)CO[C@H]3CN4CCN(CC4)C,0.33819997757062437
1.3052,303.76700000000005,63.68,12.214865929713577,7.428145477343136,0,5,4,0.44495283323026896,CCC(=O)C1=C(CSC2N1C(=O)C2Cl)COC(=O)C,1.813499906285939
3.9117000000000033,202.31299999999996,17.07,9.735960231778924,5.696259121297272,0,1,8,0.5828916774635121,CCCCC(C)(CCCC)C(=O)CF,2.6483714290890408
3.1895000000000016,251.28500000000003,38.33,10.512649003634362,5.844423243264672,1,2,3,0.6717149756977087,CC#CNC(=O)C1=CC(=CC=C1)OC2=CC=CC=C2,2.439208110917723
2.0924000000000005,1031.8820000000005,463.01,36.907331372689946,23.06540108373796,9,23,19,0.028085494581917017,C1=CC(=CC=C1N2C(=O)C(=NNC3=C(C4=C(C=C3)C(=O)C(=NNC5=CC(=C(C=C5OCCO)N=NC6=C(C=C(C=C6)[N+](=O)[O-])C(=O)O)OCCO)C(=C4)S(=O)(=O)O)S(=O)(=O)O)C(=N2)C(=O)O)S(=O)(=O)O,-12.119470372735027
3.5085000000000015,258.365,48.14,11.940883844661222,6.705985442758734,1,3,4,0.9125669307557605,CC(C)(C)CCOC1=NC=C(C2=CC=CC=C21)CN,2.3746156978031836
3.6712000000000016,416.9530000000001,74.75,17.922183142908192,10.179566771556617,3,3,9,0.4303756348110955,CCNC(=O)COC1=CC=CC(=C1)CN=C(NCC)NC(C)C2=CC(=CC=C2)Cl,2.250844922174706
4.793060000000003,441.88100000000003,61.440000000000005,17.832461922804278,9.471652028303566,2,3,6,0.6769791641081558,CC1=CC(=C(C(=C1)C)NC(=O)CN(C)CC(=O)NC2=CC(=C(C=C2)Cl)C(F)(F)F)C,2.7332159731791013
3.078500000000002,260.3809999999999,46.33,11.769310969407412,7.29287500200115,1,2,3,0.8489111667553407,CN(C1=CC=CC=C1CN)C(=O)C2CCCCCC2,2.1343028887308932
0.5408000000000004,243.35099999999994,64.60000000000001,11.122666437772693,6.331056304550607,3,3,4,0.6750781632479854,CC(C)(C)NC(=O)NCCN1CCC[C@@H]1CO,-0.42093257083104474
1.6667,346.4510000000002,52.86,15.024204815705072,9.367630099041914,0,4,7,0.6581894735312743,CCCCN1C(=O)C2C=CC=CC2=[N+](C1=O)CCCN3CCOCC3,1.4599865836196915
2.9331000000000005,460.8930000000001,106.2,18.331806984776225,10.176417009172132,2,6,9,0.5082502216571776,COC1=C(C=C(C=C1)CCNC(=O)CCC2=NN=C(NC2=O)C3=CC(=C(C=C3)F)Cl)OC,1.7311557904908792
5.3803000000000045,412.489,70.59,17.26082750745554,10.4444750225964,3,5,3,0.5387469370778578,COC1=C(C=CC(=C1)[C@H]2C3=C(C[C@@H](CC3=O)C4=CC=CC=C4)NC5=CC=CC=C5N2)O,3.163963454043494
2.23754,338.415,68.32000000000001,14.591165384534108,8.730614812239272,0,6,3,0.7343428023820665,CC1=CN(N=C1)C[C@@H]2CCCCN2C(=O)C3=CN4C(=NN=C4C=C3)C,2.255296648208101
2.6287400000000005,322.3680000000001,80.04,13.523011607167252,7.572424572890885,2,5,4,0.7736323382659589,CC1=CC=CC=C1N2C(=C(C=N2)C(=O)NC3=C(C=CN=C3)CO)C,2.032169714343369
4.6471000000000044,479.5730000000003,85.3,20.581568534331694,12.242447729622127,1,6,10,0.23116515623871137,CCCCCOC1=CC=CC(=C1)C2/C(=C(/C3=CC4=C(C=C3)OC(C4)C)\O)/C(=O)C(=O)N2CCOC,2.99119151101604
1.3580999999999999,231.154,86.63000000000001,7.7762537947046,4.093468698613781,3,2,3,0.7324750619088513,C1=CC(=C(C(=C1)F)F)C(C(=O)O)NC(=O)O,0.8433184913729375
2.9733,348.20000000000005,66.32000000000001,12.986972619291183,7.02332545065671,1,4,5,0.8418665660965713,CN(CC1=CC(=CC=C1)Br)C2=NC=C(C=N2)/C=C/C(=O)O,1.587786915564481
5.042600000000003,411.13699999999994,21.259999999999998,14.783399592974925,8.681993256011541,1,2,6,0.7193903356427747,C1CC1NCC2=CC=C(C=C2)COC3=C(C=C(C=C3)Br)Br,2.917863002255846
5.701990000000006,505.5230000000002,58.2,19.403909896362503,12.263434249994981,2,2,6,0.2764168075486692,C1CC(CCC1/C=C/C(=O)NC23CC(C2)(C3)NC(=O)C=C[C+]4CCC(CC4)C(F)(F)F)C(F)(F)F,3.7707288461123687
1.91912,373.4330000000001,97.94000000000001,15.906115692058966,8.55978784149679,3,4,7,0.5100986733150283,CC1=C(C=CC=C1[N+](=O)[O-])NC(=O)NC[C@@H](C2=CC(=CC=C2)OC)[NH+](C)C,1.5932825888823077
4.815800000000004,426.54800000000006,71.59,16.96730183137168,11.317052961042029,0,8,5,0.33805692498799633,C1[C@@H](N(N=C1C2=CC=CS2)C(=O)CSC3=NC=NC4=C3SC=C4)C5=CC=CO5,4.5728861900215705
2.874900000000001,286.37500000000006,54.27,12.341076128380552,7.393768311394624,2,3,8,0.7842925456365579,CCCNC(=O)CCNC(C1=CC=CC=C1)C2=CC=CO2,1.0912681169040246
3.1918000000000015,395.4840000000001,80.32,16.29152637373904,9.679359824265294,2,5,8,0.6138479863238797,COC1=CC=C(C=C1)CNC(=O)CC2=CSC(=N2)NC(=O)CC3=CC=CC=C3,1.8118259419317377
2.7609000000000012,428.86900000000026,84.94,16.517586551131718,10.168394064795613,1,5,5,0.7911058239080919,COC1=C(C=C(C=C1)F)C(=O)NC2=CC(=C(C=C2)Cl)S(=O)(=O)N3CCOCC3,1.603752824380313
0.7192999999999996,356.36010177800006,122.39000000000001,13.557737896199908,8.004308854509505,3,8,4,0.6293324366605608,[2H]C1[C@@H]([C@H](O[C@H]1N2C=NC3=C(N=CN=C32)NC(=O)C4=CC=CC=C4)CO)O,1.3056213161267012
4.015920000000002,395.8900000000001,63.99,16.446747007597775,9.901151855934993,1,4,6,0.6852567365360565,CC1=C2C(=CC=C1)C(=O)N(C=N2)CCC(=O)N[C@H](C3CC3)C4=CC=C(C=C4)Cl,2.343173326618386
4.046800000000004,484.6340000000001,86.66000000000001,23.038791668499503,13.39851174157879,1,4,16,0.2207114129546849,CCCCCCCCCCCCCCC1=CC(=CC=C1)OC2=C(C=CC=C2S(=O)(=O)O)[O-].[Na+],2.401424430633406
2.648200000000001,339.18899999999996,69.97,12.630170069059306,7.091349501678559,1,3,5,0.8965818759518576,CC1=NN(C(=O)C1CCC(=O)O)CC2=CC(=CC=C2)Br,1.0272703668703178
2.8096000000000014,369.255,52.60000000000001,14.734782375484079,8.636513267034696,0,4,3,0.33232921298813334,CC(=O)OCC1C2C=CC3(C1(CC(=O)C3=C)OC2(C)CBr)C,2.784199850568511
5.489400000000003,551.6470000000003,116.56000000000002,23.295173634795454,13.462916714746017,3,6,7,0.2616948094102299,CC(C)(C)N(CC1=CC=C(C=C1)C(=O)C2C3=CC=C(N3CC4=CC=CC=C4N2)C(=O)NCC5=CN=CC=C5)C(=O)O,2.3538765137315325
1.8574999999999997,311.69999999999993,73.22,11.509345131939265,6.301409381386022,1,5,5,0.8554043295284908,C1=CN(N=C1)CC(=O)OCC(=O)NC2=CC(=C(C=C2)F)Cl,1.2202576585458527
3.0226000000000006,421.54500000000013,70.47,18.002327709496587,11.635745004898906,1,5,6,0.7784293023757861,C1CCC(C1)C(=O)N2CCN(CC2)CC(=O)NC3=CC(=NN3C4=CC=CC=C4)C5CC5,1.8037831111213034
1.6370200000000001,363.46200000000005,81.92,15.902504310452683,9.397958736916257,1,5,3,0.8827632450942418,CC1CC(CN(C1)C(=O)CN2CCN(CC2)C(=O)NC3=NOC(=C3)C)C,1.5573237077483557
4.089800000000003,214.761,0.0,9.333329785107436,6.344371696847465,0,1,3,0.6653516739262471,C1CCC(C1)(CC2=CC=CS2)CCl,3.181107431886921
6.600200000000008,384.6010000000002,52.60000000000001,18.231158711216388,11.447018846255132,0,4,19,0.1858641404342396,CCCCCCCCCCOC(=O)CCCC(=O)OCC(CC)CCCC,3.0131289129287717
3.027700000000002,424.56500000000017,46.43,17.974314609380183,11.384344033811207,2,3,7,0.6125383681545826,CC[C@H](CNC(=O)CC1=CSC(=N1)C2=CC=C(C=C2)F)[NH+]3CCC4=CC=CC=C4C3,2.1217707289230754
9.1986,537.5050000000002,61.83,23.13558597218362,16.28937013250059,0,5,22,0.08382757488617529,CCCCCCCCCCCCCCCC(=O)OCC(COP(=O)(Cl)Cl)OCC1=CC=CC=C1,1.3799932670816535
0.3763999999999999,285.751,55.379999999999995,11.866329818234298,6.573075175227995,1,3,3,0.8733455978015406,COC1=C(C(=CC(=C1)C(=O)N2CC[NH2+]CC2)Cl)OC,0.8429932868611267
-0.6325799999999995,328.32500000000005,132.64000000000001,13.451416177878793,7.016504934408885,2,9,7,0.38380094024685707,CCOC(=O)C(CC1=C(N=NN1O)C)(C(=O)OCC)NC(=O)C,0.7324423608863482
1.9984,264.32500000000005,67.42999999999999,11.688846486529346,6.093205587235126,2,3,3,0.8204564376960674,CC(C)(C)OC(=O)[C@H](C1=CC=CC=C1)NC(=O)NC,1.6499550456854974
2.581500000000001,333.35400000000004,54.88000000000001,13.242538578146608,7.224966195112057,2,3,8,0.4361441827518347,CN=C(NCCCOC1=CC=CC(=C1)OC)NCCC(F)(F)F,2.0075083214980305
3.852920000000003,487.6030000000003,99.52,20.09190068835945,12.575204069488242,1,9,8,0.2926272743491211,CCOC(=O)C1=C(C=C(S1)NC(=O)CSC2=NC3=CC=CC=C3C(=O)N2C[C@H]4CCCO4)C,3.3833209111794478
-0.4402999999999997,309.395,78.43,12.791926732118677,7.434932849396123,2,6,4,0.7373916154237469,CC(=O)NC(CS)C(=O)N1CCN(CC1)C2=NC=CC=N2,-0.6186379571823348
3.336800000000002,286.3060000000001,52.08,11.67431020363427,6.977179674168869,0,4,4,0.8088620405527573,CCOC(=O)C1=C(N=C(C=C1)C2=CC(=CN=C2)F)C3CC3,2.474159872064365
3.751420000000003,357.4750000000001,55.400000000000006,15.344312778239082,9.842310061382568,1,3,5,0.8293189615535117,CC1=CC=C(C=C1)S(=O)(=O)NC/C(=C/2\CC(OC2)C3=CC=CC=C3)/C,2.155050949671419
2.5165000000000006,285.746,29.54,11.620503051155836,6.7003201081412165,0,2,4,0.8506691484513096,CN(C[C@H]1CCOC1)C(=O)CC2=C(C=CC=C2Cl)F,2.161041686488021
3.3092200000000016,333.457,54.46,14.813983820830083,8.523884425456004,1,5,7,0.8444630864102639,CCOC1=CC=CC=C1NC(=O)C(C)N(C)CC2=C(N=CS2)C,1.9689178570086527
2.6275000000000013,252.33499999999998,51.21,11.043347869917858,6.853224496132718,0,3,4,0.6111276594582871,CC(C)S(=O)(=O)C1=CC=C(C=C1)C(=O)C(=C)C,2.2571315300938535
2.443600000000001,489.4780000000001,144.71,18.25892898306256,11.425856445395757,2,8,9,0.23649674579602242,CC(C(=O)NC1=C(C=CC(=C1)F)F)OC(=O)CNS(=O)(=O)C2=CC(=C(C=C2)SC)[N+](=O)[O-],1.424633025823717
-3.259399999999997,382.3730000000001,110.63000000000001,17.102638023640097,8.660583919810946,1,7,5,0.24635030112397377,CC(C1C2N(C1=O)C(=C(CS2)/C=C/C(=O)C3=CN=CC=C3)C(=O)[O-])O.[Na+],-2.199564499622803
0.7610999999999994,360.39300000000003,83.36,14.507514821696866,8.433916602962082,1,6,5,0.8512247217995772,C[C@@H](C(=O)N1CCN(CC1)CC(=O)NC2=CC=C(C=C2)F)N3C=NC=N3,0.8337321370230892
1.3383999999999998,230.37699999999995,32.34,10.770441201667401,6.966323098859349,1,3,5,0.7733485209976599,CCN(CC)C(=O)C(C)NC1CCSC1,0.07518971827902465
1.964,417.50600000000014,88.18,17.979274238759746,10.569211863518595,1,5,7,0.7328157031077157,CCCC(=O)N[C@H]1CCCN(C1)C(=O)[C@@H]2CC(=O)N(C2)C3=C(C=CC(=C3)OC)OC,1.4800315422851629
5.758700000000002,302.20399999999995,12.03,12.248396311138173,7.1384351486853195,1,1,3,0.6484004893727575,C1=CC=C2C=C(C=CC2=C1)CNC3=CC(=CC(=C3)Cl)Cl,3.563567590861724
6.372620000000006,596.7320000000002,119.40000000000002,25.885964841756277,14.797230437701602,3,7,9,0.2065374314404015,CC1=CC=C(C=C1)N2C(=CC(=N2)C(C)(C)C)NC(=O)N[C@H]3CC[C@@H](C4=CC=CC=C34)OCC5=CC(=NC=C5)NC(=O)COC,2.470462300030765
3.3111000000000015,323.274,71.09,11.939055479782747,6.477726629638535,2,3,3,0.9101340210396037,CC(=O)NC1=CC=CC(=C1)C(=O)NC2=NC=C(C=C2)C(F)(F)F,1.7311242195265866
3.1884000000000006,408.43900000000014,102.44,15.939881478516314,9.671460262754017,2,7,6,0.4769363110991041,C1OC2=C(O1)C=C(C=C2)NC(=O)C3=CC=CC=C3NC(=O)CSC4=NC=CC=N4,2.451267214725946
4.542100000000003,417.5340000000002,62.300000000000004,17.451812022334778,11.314397371435724,1,4,4,0.6777974380792454,C1C[C@@H](N(C1)C(=O)C2=CC=CC=C2)C(=O)NC3=NC(=CS3)C4=CC5=C(CCC5)C=C4,2.774711958719
4.213900000000004,311.219,29.46,12.026165200344794,7.673041302932758,1,2,1,0.8414843897641197,C1CCC(CC1)C2C[C@@H](C3=C(O2)C=CC(=C3)Br)O,3.197846970199838
3.2634000000000016,355.82500000000005,56.15,14.316990495600855,8.32991902449885,1,4,7,0.7073628330812065,C1=CC=C(C(=C1)OCC(=O)NCCC2=CC=C(C=C2)N3C=CC=N3)Cl,1.9928586810464486
5.3206200000000035,331.80600000000004,38.67,13.826387166613443,8.041255799364214,0,3,2,0.4986346023353561,CC1=C(N=C(C=C1)C2=NC=C3C=CC(=CC3=N2)Cl)C4=CC=CC=C4,3.609548023124492
5.832700000000006,264.4529999999999,17.07,12.832687253457863,8.519785946795352,0,1,4,0.46075560086047046,CCCCCC1CC/C=C/CCCCCCCC1=O,3.8188226053339696
1.4082999999999997,297.334,66.34,12.066781502347451,7.243230514080814,1,3,4,0.5269492490249871,C1CO[C@H](C2=CC=CC=C21)C[NH+]=CC3=CC=C(C=C3)[N+](=O)[O-],1.5685362389966384
0.8878999999999879,1604.9650000000013,559.4200000000001,65.91196376541544,41.140515065098214,21,29,60,0.037598358062175985,CCCCCCCCCCCCCCCCCCCCCC[C@H](C(=O)N[C@@H](CO[C@H]1[C@@H]([C@H]([C@@H]([C@H](O1)CO)O[C@H]2[C@@H]([C@H]([C@H]([C@H](O2)CO)O[C@@]3(C[C@@H]([C@H]([C@@H](O3)[C@@H]([C@@H](CO)O)O)NC(=O)C[C@@]4(C[C@@H]([C@H]([C@@H](O4)[C@@H]([C@@H](CO)OC)O)NC(=O)C)O)C(=O)O)O)C(=O)O)O)O)O)O)[C@@H]([C@@H](CCCCCCCCCCCCCC)O)O)O,-9.55469083711283
3.039500000000001,337.35400000000004,66.06,13.406361011203145,8.188118475276633,1,3,2,0.7815189982254581,C1C[C@@H](N(C1)C(=O)C2=NNC(=O)C3=CC=CC=C32)C4=CC(=CC=C4)F,2.2797247993450744
1.81632,357.54600000000016,50.61,14.99036671617299,10.731329241635503,2,4,6,0.828476483176343,CC1=CC=C(S1)S(=O)(=O)NC[C@@H](C2=CSC=C2)[NH+]3CCCC3,0.7270052342827675
3.7375000000000016,378.9060000000001,49.410000000000004,15.034809592507901,9.709970233026283,1,4,5,0.80508262782319,C1C(=O)N(C(S1)C2=CC=C(C=C2)Cl)NC(=O)CSC3=CC=CC=C3,2.3413323391652883
4.761840000000005,478.10200000000026,36.97,21.28136937934096,11.663466806045115,1,4,8,0.5521934651422764,CCOC1=C(C=C(C=C1)CCNC(=S)N2CCN(CC2)C3=CC=CC(=C3C)C)OCC.Cl,3.036858155519833
3.305790000000002,358.3449999999999,0.0,18.886711607078734,7.707106781186547,0,0,13,0.35009010416019265,CCCCCCCCCCCCCCC[CH2-].[Cs+],5.254547869612761
3.3275000000000023,347.36499999999995,44.81,13.83673172701967,7.965986790262767,1,3,3,0.9263251558840425,COC1=CC=CC(=C1)NC(=O)N2CCN(CC2)C3=C(C=C(C=C3)F)F,2.4079973648400346
1.8253,269.414,70.91,11.651654730913634,7.695400521325867,3,4,6,0.689943903651533,C1CCC(CC1)(CCNCC2=CSC(=O)N2)CN,0.7486699613630639
1.67,221.285,47.78,9.413791537110752,5.460757177223165,0,5,3,0.740630212207061,CC(=O)C1=NC(=CS1)CC2=NC=CN2C,2.0048917421624717
7.244200000000007,320.5010000000001,0.0,17.272362206818023,10.178334525519835,0,0,4,0.512638383393066,CC(C)(C)CCC1=CC=CC=C1CP(C(C)(C)C)C(C)(C)C,3.884349864106392
1.2872,308.359,86.71000000000001,12.351988623290868,7.634354124633224,2,4,3,0.8783651462896354,CC(=O)NC1=CC=C(C=C1)C(=O)N2CCSCC2C(=O)O,1.068973464175686
3.885520000000003,624.8709999999999,151.37,27.438053899148645,17.117142284292015,5,7,20,0.1411086075786258,CC[C@H](C1=CC=C(C=C1)CCCCN2C=CN=C2C)C(=O)N[C@@H](CO)C(=O)N[C@@H](CCCCN)C(=O)NCCC3CCCCC3,0.6039856825027705
2.2315000000000014,381.3440000000001,53.959999999999994,16.126668840961706,8.065606309154266,2,5,8,0.7235051469729669,CCC(CO)NCC1=CC(=C(C=C1)OC)CN2CCOCC2.Cl.Cl,1.4872798026192395
-0.6327000000000003,274.363,80.25999999999999,11.385188835607545,5.944254201200702,2,6,6,0.49895777151906695,C/C(=C\C(CCS)(/C=C(/C)\C(=O)[O-])S)/C(=O)[O-],-0.7494613176072331
2.906600000000001,293.41100000000006,60.18000000000001,13.28199158379312,8.37874512888986,1,5,4,0.9246193890644128,CCCC1(CCNCC1)C2=NC(=NO2)C3(CCCCO3)C,2.1055185564170324
1.7986,331.4200000000001,70.47,14.253769043982663,9.044860439795373,1,4,3,0.9179543199169352,CN1C2=C(CCC2)C(=N1)CN(C3CCCC3)C(=O)N4CCNC4=O,1.4094208942768436
3.8003000000000027,292.29400000000004,72.24000000000001,11.522811427977434,6.679630660600152,1,4,3,0.5302995490459093,C1=CC=C2C(=C1)C=CC(=CNC3=CC=C(C=C3)[N+](=O)[O-])C2=O,2.69591542679286
4.501160000000004,380.3490000000001,53.46,18.724733457327133,10.278415282232428,0,6,6,0.5918543814405435,B(N1C(=CC(=N1)C(C)C)C)(N2C(=CC(=N2)C(C)C)C)N3C(=CC(=N3)C(C)C)C,3.741988623165624
3.470100000000002,430.5040000000002,83.55000000000001,17.991537650756367,11.26478012044075,1,4,6,0.5619066952099689,CC(=O)C1=CC(=CC=C1)NC(=O)[C@@H](CC2=CC=CC=C2)N3C(=O)[C@H]4[C@H]5CC[C@@H](C5)[C@@H]4C3=O,2.1637202145118932
2.7755,288.29799999999994,55.04,10.794137204053822,6.139549065906169,1,5,3,0.8823719548161717,CN(CC1=CC=C(C=C1)N)C2=NN=C(S2)C(F)(F)F,2.3191409990818928
9.916599999999997,657.0300000000004,124.29,30.132580082923646,19.65338311576654,4,6,37,0.03874140705237139,CCCCCCCCCCCCCCC(CCCCCCCCCCCCCCCCCC(=O)O)C(=O)OCC(CO)(CO)CO,-9.144691044441089
1.7814,346.29500000000013,147.17,13.078654499833078,7.198335669095027,2,6,6,0.452967406693867,CC1=NC(=C(C(C1C(=O)O)C2=CC(=CC=C2)[N+](=O)[O-])C(=O)O)CC=O,-0.12726019882471196
4.1060000000000025,465.36200000000014,97.35000000000001,18.4621765712316,10.440580377824846,1,6,5,0.31038033378837765,C/C(=N\N=C(N)S[C@@H]1CC(=O)N(C1=O)C2=C(C=CC(=C2)Cl)Cl)/C3=CC=C(C=C3)OC,2.5951341532514665
4.249800000000002,213.320203556,12.03,9.350852961085886,5.437392608830358,1,1,4,0.800216641457695,[2H]C([2H])(C)C(C1=CC=CC=C1)NC2=CC=CC=C2,2.720622910046555
4.327200000000004,431.5360000000002,65.79,18.582909198599758,11.120647882364421,1,4,7,0.604852483184039,CCN(CC)CC1=CC(=CC=C1)NC(=O)[C@@H]2CC3=CC=CC=C3CN2C(=O)C4=CC=CO4,2.507583370646988
1.3555999999999997,314.38899999999995,61.46,13.364879669684644,8.27395214998261,1,4,2,0.9089653830818716,CC1CN(CC1N2CCOCC2)C(=O)C3=NC4=C(C=C3)C=CN4,1.2915373323088608
2.6359000000000012,244.38200000000003,29.259999999999998,11.093113486512426,7.345913453022198,1,2,3,0.8854009466855697,C1CCC(C1)[C@@H]2CN(C[C@H]2N)CC3=CC=CC=C3,1.6725936142675755
2.5447000000000006,327.222,50.36,12.572986332935605,7.32972630769272,2,3,4,0.8935393628919356,CC1CC(CCO1)NCC(=O)NC2=CC=C(C=C2)Br,1.847365106115019
4.096800000000003,420.4400000000001,76.66,16.637831477889463,9.904031844437608,2,4,6,0.629676821397895,C1COC2=CC=CC=C2[C@@H]1NC(=O)C3=CC=CC=C3OCC(=O)NC4=CC=CC=C4F,2.236772431299765
4.4730700000000025,467.57300000000015,99.46,19.915147884142048,11.967032189739045,3,6,6,0.4657905047686639,CC(C)C1=CC=C(C=C1)C2CNC3=C(O2)C=CC(=C3)C(C4=NCCNC4=O)C(=N)C5=CC=NC=C5,2.5432139407339385
3.5256100000000012,373.503,66.89,15.50572865909481,9.357577149312682,2,5,6,0.649777717794326,CC1=CC=C(C=C1)CNC(=O)CCCN2C(=O)C3=C(C=CS3)NC2=S,2.246591615485917
1.8144999999999998,210.30599999999998,49.84,9.188086163143852,5.9140664827994645,2,5,4,0.5861313560815012,CNC1=NC(=CC(=N1)SC)NC2CC2,1.01917202451297
13.755199999999975,728.1999999999996,48.00000000000001,34.90377617803155,22.6249482912559,0,5,35,0.036947554479740026,CCCCCCCC/C=C\CCCCCCCCC1(O[C@@H]2CC(C[C@@H]2O1)OC(=O)CCN(C)C)CCCCCCCC/C=C\C/C=C\CCCCC,-6.405682735114479
3.4163000000000014,319.382,75.63,12.982125296980536,7.714189194952592,2,4,7,0.8197212464646534,COC1=C(C=CC(=C1)NC(=O)CCCC2=CC=CS2)C(=O)O,1.3288285869215848
2.8854000000000006,320.4,58.87,13.794027719772226,8.088019266278057,1,6,3,0.8039411673803345,CN(C)C1=CC=C(C=C1)[C@@H]2C[C@@H](NC3=NN=NN23)C4=CC=CC=C4,2.5305973617635606
5.246400000000005,486.5300000000002,98.06,19.695460712347156,11.799791813059821,1,7,9,0.28600551103983324,CCCCCC1=NN(C(=N1)C2=C(C=CC=C2F)F)CC3=CN=C(C=C3)C4=CC=CC=C4C5=NNN=N5,2.8784849979383136
4.329800000000001,398.77600000000007,81.12,14.473341361719577,8.107801347488277,3,5,4,0.7166485373695582,C1N=NNN1C2=CC=C(C=C2)CNC(=O)NC3=CC(=C(C=C3)Cl)C(F)(F)F,2.4595552819176927
6.979800000000006,839.01,174.63999999999996,35.544498053639856,21.72146131568222,4,8,14,0.09271805224942031,CC(C)[C@@H](C(=O)N1C[C@H](C[C@H]1C2=NC=C(N2)C3=CC=C(C=C3)C4=CC=C(C=C4)C5=CN=C(N5)[C@@H]6C[C@H]7C[C@H]7N6C(=O)[C@@H](C8=CC=CC=C8)NC(=O)C9CC9)COC)NC(=O)OC,0.5064248632699853
2.1518,221.256,53.68000000000001,9.055858754618884,4.9247956670367445,1,3,7,0.7166582963545165,C=CCN(CC=C)CC1=C(C=CO1)C(=O)O,1.2536925506234207
2.1215,405.13399999999996,44.370000000000005,14.628318892902927,8.365017219467605,2,3,4,0.8072802385150815,CCNC(=O)C1CNCCN1CC2=CC(=C(C=C2)Br)Br,2.583375143234238
2.34349,213.33100000000002,33.61,9.205724253348894,5.3686274534684815,1,4,1,0.7269802646329014,CC1(CC=CS1)C2=NNC(=S)N2C,1.812354883672688
3.1696000000000017,252.11099999999996,29.43,9.145331832791307,5.795863613916877,0,2,1,0.557174388023802,C1[C@H]2[C@H]([C@H]([C@@H]1C3=CC=CC=C23)Br)N=O,3.0794189502722604
12.837299999999974,611.7440000000003,18.07,26.09861969246298,16.423938580655985,0,2,4,0.19359421645128488,C1=CC=C(C=C1)C2=CC(=CC(=C2)C3=CC=C(C=C3)N4C5=CC=CC=C5C6=CC7=C(C=C64)OC8=C7C9=CC=CC=C9C=C8)C1=CC=CC=C1,0.9824002960040334
0.7968999999999999,216.21999999999997,54.03,8.699589251754983,5.028470550827419,0,3,0,0.5621689585426933,C[N+]1=C2C=CC=CC2OC3C1=CC(=O)N=N3,1.1330235728818834
2.4027000000000003,278.07399999999996,38.92,8.294933924609795,4.9001472713057534,0,4,1,0.7517783255492537,C1=CSC=C1C2=NC(=NO2)I,2.6234739926248993
0.7272999999999998,384.4540000000001,93.22000000000001,15.990947057055553,9.692684157518595,0,6,6,0.6714308058706746,CN(CC(=O)N1CCC(CC1)C(=O)OC)S(=O)(=O)C2=CC=C(C=C2)OC,1.0581770649021123
-0.9196999999999984,310.2010000000001,96.30000000000001,13.605156213682733,8.065001208042114,2,6,10,0.5067185802678685,[B](C)OCC(C)(CN(CC(C)(COC)O)S(=O)(=O)C)O,-1.2680909604975472
2.4752,242.31499999999997,52.60000000000001,11.116120824980895,5.964379275798965,0,4,7,0.5081081644626163,CCCC=C(COC(=O)C)C(=O)OCC(C)C,2.5105564137164498
6.2217000000000064,854.4480000000001,182.32999999999998,35.82288888438034,21.84742973308941,3,11,11,0.14658935869249942,CC(C)(C)[C@@H](C(=O)N1C[C@@H](C[C@H]1C(=O)N[C@@]2(C[C@H]2C=C)C(=O)NS(=O)(=O)C3CC3)OC4=NC5=C(C6=C4C=C(C=C6)OC)SC7=C5C=C(C=C7)Cl)NC(=O)OC(C)(C)C,0.9767064744409732
1.7925000000000006,354.454,59.65,15.44222993887427,9.349367865607766,1,3,3,0.9142384077426987,CN1CCC(CC1)N(C)C(=O)C2CN(C2)C(=O)C3=CNC4=CC=CC=C43,1.8306258694527608
3.7734700000000014,302.80499999999995,59.099999999999994,12.566721256944371,7.288796368720372,2,2,7,0.46445666637860056,C1=CC=C(C=C1)CCCOCC2=C(C=C(C=C2)C(=N)N)Cl,2.223189479332323
1.0769,218.26000000000002,76.96000000000001,9.252955997137589,4.977736757232644,2,5,2,0.739248085257657,CC(C)(C1=CN(N=N1)C2=CC=C(C=C2)N)O,1.1440900974535455
1.4878399999999996,250.34199999999996,55.56,11.56467508474891,6.1213641931558085,1,3,5,0.8610456440435066,CC1=CC(=C(C=C1)OCCN(C)C(=O)[C@H](C)N)C,1.0653489344440645
0.3077199999999998,320.3920000000001,105.58999999999999,12.80533722038474,8.18194478254769,2,7,7,0.7004116049818305,CCOC(=O)C1=C(N=C(S1)NC(=O)CS(=O)CCO)C,0.22748334134161308
1.5828999999999995,267.373,52.650000000000006,11.859341852982746,7.525073488410425,1,2,2,0.8256488551892331,CC(C(=O)N1CCCC1)NC(=O)N2CCCCCC2,1.4527555552412346
3.1335000000000015,449.5550000000003,96.33000000000001,19.264691791711222,12.010856189967019,2,5,6,0.7081857299495552,CCC1=CC=CC=C1NC(=O)C2=C3C(=O)N(C(CN3C=N2)(C)C(=O)NC4CCCC4)C5CC5,1.8465731182002454
2.1957199999999997,480.5460000000002,127.22999999999999,19.660049035781313,11.921012132048128,2,8,7,0.3032088771143988,CCCC1=CC=C(C=C1)C(=O)C(=O)NCC2=C3C(=CS2)C(=O)N(C(=N3)C)C4CCC(=O)NC4=O,1.9203540811659172
-0.40259999999999857,301.343,99.18000000000002,12.501731685850787,6.911418190726291,2,4,7,0.6232451088818396,CN(CC(=O)NCCOC)C(=O)N1CCC(C1)CC(=O)O,-0.06979406446786562
3.0892400000000024,359.4660000000002,68.53,16.008077119452764,9.727902086352769,1,5,5,0.6478883243425274,CC1=CC(=C(N1C)C)C(=O)COC(=O)CC23C[C@H]4C[C@@H](C2)CC(C4)(C3)O,2.1924804986375213
0.43919999999999965,306.75699999999995,84.73,12.314123754616821,7.031863076086871,2,6,3,0.8593277501868236,CN1C(=NC(=N1)C(=O)NCC2=CC3=C(CCNC3)N=C2)Cl,0.6376401123080346
1.6724999999999997,314.2670000000001,85.25,11.592995694776507,6.225407827423609,1,5,5,0.9071674622171013,CN(CC1=NC(=NO1)C2=CC(=CC=C2)C(F)(F)F)CC(=O)N,0.6770656513005289
4.355600000000006,338.4470000000001,49.69,14.741468591289701,8.468843275760788,2,3,9,0.5276035565876062,CC(=C)C(=C)OC1=CC=C(C=C1)C2=CC=C(C=C2)CCC(CO)CO,2.221752434941629
-1.6188,224.021,90.15,8.680230335589139,5.011498548945538,4,5,3,0.46315952674897215,B1(C2=C(CO1)C(=CC(=C2CO)CO)CO)O,-2.766673437439122
3.7191000000000027,454.51200000000017,129.32,18.65138559132652,11.571064134286354,0,7,6,0.3730320944759639,CCN(CC)C1=NS(=O)(=O)[C@H]2[C@@]1(ON=C2C3=CC=CC=C3N=[N+]=[N-])C4=CC=C(C=C4)OC,1.3080609888292134
0.8470200000000001,340.40100000000007,103.77999999999997,13.889993425751653,9.12400057223569,2,4,4,0.8454209738543094,CC1=CC(=CC(=C1)C(=O)O)C(=O)NC2CCCN(C2)S(=O)(=O)C,0.5687480608603686
2.8020000000000005,334.44500000000005,72.95,14.46830419751659,8.84755270889427,1,6,7,0.7883208423177772,C[C@H](C(=O)NC1CC1)SC2=NN=C(N2CC3=CC=CO3)C(C)C,1.8648230204748373
4.779400000000004,335.32500000000005,38.66,13.007969580535095,7.357348100014447,0,3,5,0.582527695261931,CCOC(=O)CC(=NC1=CC=C(C=C1)C(F)(F)F)C2=CC=CC=C2,3.146608349468207
1.7839999999999998,301.20899999999995,55.120000000000005,11.105025863487157,6.072732989003519,2,2,5,0.8152610470072926,C1=CC(=CC=C1CCC(=O)NCC(=S)N)Br,1.5169690315015751
3.775400000000002,331.847,54.02,14.229477802068157,8.14721148502954,2,3,7,0.8115425952716384,CC(C)CNC(=O)C1=NC=CC(=C1)NCCC2=CC(=CC=C2)Cl,1.8148615011763436
4.582120000000004,374.48400000000004,51.1,16.658533211883586,9.70596446289208,1,3,6,0.6864076286243553,CCC1=CC(=O)C(=C(N1CC2=CC=C(C=C2)C)CC)C(=O)NC3=CC=CC=C3,2.6868459045177717
5.4771000000000045,477.63400000000024,81.28999999999999,20.9320256509616,12.768416056397987,1,7,9,0.3230439034821734,CCCCN1C(=O)C2=CC=CC=C2N3C1=NN=C3S[C@H](C)C(=O)NC4=CC=CC=C4[C@H](C)CC,3.3953693453203853
3.711620000000003,531.4600000000002,79.79,20.452788892075244,11.233829335075566,2,4,8,0.2351432028070661,CCNC(=NCCOC1=CC=C(C=C1)S(=O)(=O)C)NC(C)C2=CC=CC=C2C.I,3.6147743692088223
2.780220000000001,297.314,94.28000000000002,11.984046302131157,6.7441807498114885,2,5,4,0.7220216942300463,CC1=CN(C(=N1)C2=CC=C(C=C2)N)CC3=CC=C(O3)C(=O)O,1.914512181644131
3.042620000000001,371.38700000000006,54.46000000000001,14.9998684338362,8.740690803506588,1,4,3,0.9011784018997532,CC1=CC(=NC=C1N2CCC3C(C2=O)C=C(N3)C4=C(C=CC=C4F)F)OC,2.327006931440457
1.6195,263.316,67.14999999999999,10.656091772546661,6.735330534611561,3,3,3,0.7759989005539802,C1CC2CC(CC1N2)NC3=C(C=C(C=C3)C(=O)N)F,1.2149936794651826
17.11469999999997,1096.7989999999998,168.94,51.12480834435496,34.338315234718685,7,9,61,0.029320939828736403,CCCCCCCCCCCCCCCCCCCCCCCCCCCCCCCCCCCCCCC(=O)N[C@@H](CO[C@H]1C(C([C@@H]([C@H](O1)CO)O)O)O)[C@@H]([C@@H](CCCCCCCCCCCCCCCCCC)O)O,-43.04739417309504
4.082700000000003,384.4830000000001,55.79,16.290976482361614,10.002297717861952,1,5,4,0.5387813452915295,C1COCCN1CC2=C(N=C3N2C=C(C=C3)C4=CC=CC=C4)C5=CC(=CC=C5)N,2.8333255591052318
3.312100000000002,433.39000000000004,84.51,16.24904232736881,9.534876505578746,0,6,4,0.4656710766301869,C1CN(CCN1C2=CC(=CC=C2)[N+](=O)[O-])C(=O)CN3C4=CC=CC=C4N=C3C(F)(F)F,2.5843531475981054
0.1538800000000009,307.37500000000006,90.27000000000001,12.395958697660886,8.394218489071537,1,5,4,0.8551389057179388,C1CNCC(=O)N(C1)CCS(=O)(=O)C2=CC=CC(=C2)C#N,0.0910497497181213
-0.28459999999999985,186.236,72.19,7.31726233425821,4.148447811001233,2,3,1,0.4360025672619814,C1CC(C(=O)C1)C(=O)NC(=S)N,-0.634516054633534
3.080800000000001,348.35800000000006,88.25999999999999,13.98384612294134,7.867479281483425,2,4,4,0.7093445590023911,COC(=O)C1=CC(=CC=C1)NC(=O)C2=C(C=CNC2=O)C3=CC=CC=C3,1.8849369574441583
-1.6916999999999696,1780.3829999999996,391.18000000000006,75.91159562485892,51.02266684748669,8,34,21,0.027500916609223887,CC(=O)NC1(C(N(C(C(N1N)(CO)N2CCCCC2)(N3CCCCC3)O)C4(C(=O)N(C(C(N4C(=O)C(NS(=O)(=O)C)(N5CCCCC5)N6CCCCC6)(N7CCNCC7)N8CCOCC8)(C)N9CCNCC9)S(=O)(=O)C)N1C(=O)C(=O)N(C(=O)C1(N1CCCCC1)N1CCCS1)N1CCSC1)(NC(=O)OC(C)(C)C)N1CCCCC1)N1CCCCC1,-1.786388817990015
6.2868000000000075,436.7740000000003,18.46,19.44339812785194,14.48250545867328,0,6,0,0.4410448757356152,C1CCC2(CC1)SCCOCCSC3(CCCCC3)SCCOCCS2,3.136874573420009
2.3909199999999995,354.80500000000006,124.32,14.118520062041403,7.954436396048998,3,7,3,0.4850291834772342,CC1=C(C=CC(=C1)CN2C3=NC(=NC(=C3N=N2)C4=C(C=CN4)Cl)N)N,2.122443790437641
0.9185999999999994,278.35600000000005,67.23,12.511508518556122,7.035030979301304,1,4,4,0.8902184799448387,CCC1C(=O)N(C(C(=O)N1)(C)C)CC2=CN(N=C2)CC,0.7771797486493361
2.0933,293.27500000000003,95.74000000000001,11.697668246604364,6.492560181946785,0,6,4,0.47889994772068084,CCC1(COC(=O)C1OC(=O)C2=CC=C(C=C2)[N+](=O)[O-])C,2.303302971531534
5.112600000000005,383.4510000000002,75.00999999999999,16.183097076573173,9.677662813353368,1,4,4,0.6789992772745888,CC1=C(C=CC(=C1)OC2=C(C=CC=N2)C#N)NC(=O)[C@H]3CCCC4=CC=CC=C34,2.541823633192295
4.151600000000002,445.54400000000015,79.46000000000001,18.316850561814118,10.310184622323465,3,4,7,0.3761159255388077,COC1=CC=CC=C1C=CC(=O)NC(=S)NC2=CC=CC(=C2)C(=O)NCC3=CC=CC=C3,2.587100388292252
0.5371000000000001,290.34800000000007,87.79,11.468684359209336,7.182487243996516,2,5,3,0.8500873031039805,C1=CC=C(C=C1)CCN2C3C(C(=O)NC2=O)SC(=N3)N,0.5901665347025431
1.9417200000000001,299.80199999999985,67.16,12.540496811697064,7.181238223398296,2,4,3,0.8949628591099149,CC1=NOC(=C1)CNC(=O)C2CC3CCCCC3N2.Cl,1.5556214024874855
3.1767200000000013,240.41599999999997,29.259999999999998,11.68003015639932,6.896867576816159,1,3,6,0.8272641459196262,CCCCN(C)C(C1=CC=C(S1)C)C(C)N,1.6676578414324554
-0.2941000000000004,299.24499999999995,88.02000000000001,10.468243952113506,5.936414440681602,3,5,6,0.4630848762028986,C1=CC(O[C@@H]([C@H]1O)CO)OCCCNC(=O)C(F)(F)F,0.21970647905301055
0.9671799999999996,271.32,87.19,11.210559292998136,6.693961087613776,1,3,3,0.8880627741461224,C1CCN(C(C1)C(=O)N)C(=O)CC2=CC=C(C=C2)C#N,0.5570238559839491
4.989500000000005,752.3430000000002,80.89,24.952680811315066,14.475028986383348,1,7,5,0.2305221557288087,CCOC(=O)C1=C(N=C2N(C1C3=CC=C(C=C3)F)C(=O)/C(=C\C4=CC(=C(C(=C4)I)O)I)/S2)C5=CC=CC=C5,3.8608839743365317
3.1963000000000017,416.54300000000023,75.71000000000001,17.528201788949094,11.522069692267204,1,4,9,0.6811526144951613,CCCN(CC1=CC=CC=C1)C(=O)C2=CC(=CC=C2)S(=O)(=O)NC[C@H]3CCCO3,1.3398028152976496
7.085100000000006,597.8080000000003,147.73,26.450681790074782,16.016579207806387,5,6,14,0.0923324467936717,CCC(CCCN)C1=NC2=C(N1)C=C(C=C2)C3=CC4=C(C=C3)C5=C(C=C4)NC(=N5)C(CCCN)C[C@H](C(C)C)NC(=O)OC,1.067315637137563
4.3365500000000035,346.4340000000002,3.24,15.700185275400788,10.584525146217295,0,1,5,0.7283046685573589,CC([C]1[CH][CH][CH][C]1P(C2=CC=CC=C2)C3=CC=CC=C3)N4CCCC4,2.917122289374597
3.290000000000002,414.55100000000033,55.239999999999995,17.5950094721029,11.073746176372437,2,5,6,0.7597847265386584,CCOC(=O)NC1=CC2=C(C=C1)[NH+](C3=CC=CC=C3S2)CCCN4CCOCC4,1.7691324703100646
4.109240000000003,646.8330000000001,139.95000000000002,28.409995659077882,16.854459438560973,4,6,11,0.2899075092795848,CCC(C)NC(=O)C1=C(C(=CC=C1)NC(=O)CNC(=O)C2CCN(CC2)CC(=O)NC3=CC=CC(=C3C)C(=O)N4CCC(CC4)C)C,2.641769815717163
2.8097400000000015,548.6810000000003,157.12999999999997,24.597480368630947,12.984505569814267,3,7,11,0.358875364543659,CCOC(=O)CCNC(=O)C(C1=C(C=C(C=C1)C)C)N(C(=O)C(CC(=O)N)NC(=O)OC(C)(C)C)C(C)(C)C,2.2228646201460895
1.3839000000000001,422.4410000000002,99.26000000000002,17.147948762278173,9.893154285984858,1,5,4,0.7509575282887694,C[C@H]1C(=O)N(C(=O)N1C2=CC=CC=C2)CC(=O)N3C[C@H](OC4=CC=CC=C43)C(=O)NC,1.6278830244531202
2.7366200000000003,355.43800000000005,65.9,15.259687022377307,8.866702029092654,1,5,5,0.8896055470177968,CC1=NC=CC(=C1)N2CCCN(CC2)[C@H](C3=CC(=CC=C3)OC)C(=O)O,1.8652797452201364
0.22989999999999983,292.30699999999996,67.43,11.006383597122857,7.124322532871493,2,4,4,0.8334965516387816,COC1CNCC1NS(=O)(=O)C2=CC(=CC(=C2)F)F,0.33198746054953254
3.4918200000000015,265.30699999999996,29.85,11.081077557336517,6.316920495203699,1,3,5,0.8964344663173928,CCCN1C=C(C(=N1)C)NCC2=C(C=CC(=C2)F)F,2.1135322779379173
5.755320000000005,475.6390000000003,63.99,20.09920662453674,13.022135969434279,1,6,6,0.2846382627224857,CC1=CC(=CC=C1)NC(=O)CCSC2=NC3=C(C4=C(S3)CCCC4)C(=O)N2C5=CC=CC=C5,3.3910945453020807
2.763200000000001,328.50300000000004,33.730000000000004,14.773677851525932,8.610076394429319,1,4,8,0.5836998029948053,CN(CC1=C(C=C(C=C1)OC)OC)C(=S)NCCCSC,1.3905361946136359
